cell_id,fila,columna,centro_x_m,centro_y_m,x_local_m,y_local_m,alos_elevacion_m_mean,alos_elevacion_m_std,alos_elevacion_m_min,alos_elevacion_m_max,alos_pendiente_grados_mean,alos_northness_mean,alos_eastness_mean,ghsl_distancia_asentamiento_m_mean,osm_distancia_vias_m_mean,alos_elevacion_m_coverage
LJ500_R141_C033,141,33,677750,9571750,0,0,1673.57,62.44,1571.89,1803.67,23.84,0.3627,0.6741,2030.12,2158.71,1.0
LJ500_R141_C034,141,34,678250,9571750,500,0,1741.15,113.16,1563.33,2006.33,36.96,-0.4114,-0.803,2047.8,2628.69,1.0
LJ500_R141_C035,141,35,678750,9571750,1000,0,2070.09,95.5,1834.13,2233.62,34.87,-0.2199,-0.8629,1981.52,3108.06,0.98
LJ500_R141_C036,141,36,679250,9571750,1500,0,2310.79,69.47,2161.17,2459.97,30.49,0.4539,-0.5646,1889.46,3591.62,1.0
LJ500_R141_C037,141,37,679750,9571750,2000,0,2351.05,76.93,2156.66,2461.93,30.77,0.5817,0.0356,1923.69,4076.08,1.0
LJ500_R141_C038,141,38,680250,9571750,2500,0,2434.54,53.08,2270.69,2530.39,32.81,0.1571,-0.3502,2013.99,4275.02,0.98
LJ500_R141_C039,141,39,680750,9571750,3000,0,2459.38,79.08,2288.69,2572.2,29.57,0.7019,0.0736,2158.71,3827.65,1.0
LJ500_R141_C040,141,40,681250,9571750,3500,0,2465.78,69.73,2315.37,2585.1,29.64,0.7787,-0.1433,2389.56,3357.19,1.0
LJ500_R141_C041,141,41,681750,9571750,4000,0,2606.27,62.06,2401.87,2725.78,31.29,0.2252,-0.5172,2694.44,2886.57,0.98
LJ500_R141_C042,141,42,682250,9571750,4500,0,2773.35,52.68,2619.74,2869.94,27.25,0.1129,-0.572,3019.32,2420.57,1.0
LJ500_R141_C043,141,43,682750,9571750,5000,0,2938.5,59.99,2820.25,3056.61,26.77,0.0678,-0.7444,2792.85,1963.16,1.0
LJ500_R141_C044,141,44,683250,9571750,5500,0,3051.55,31.98,2948.6,3107.12,21.36,-0.0855,0.0726,2313.02,1529.95,0.98
LJ500_R141_C045,141,45,683750,9571750,6000,0,2903.18,63.13,2750.08,3008.4,25.64,-0.0202,0.8663,1843.92,1134.89,1.0
LJ500_R141_C046,141,46,684250,9571750,6500,0,2622.26,83.96,2484.67,2783.1,29.72,-0.0513,0.9425,1396.44,747.05,1.0
LJ500_R141_C047,141,47,684750,9571750,7000,0,2438.33,35.12,2354.61,2507.77,15.35,-0.014,0.9201,996.0,348.9,0.98
LJ500_R141_C048,141,48,685250,9571750,7500,0,2310.32,35.79,2247.4,2387.38,15.62,-0.2775,0.5137,685.77,58.63,1.0
LJ500_R141_C049,141,49,685750,9571750,8000,0,2322.69,49.0,2246.65,2436.36,19.48,-0.2154,-0.4991,648.49,291.65,1.0
LJ500_R141_C050,141,50,686250,9571750,8500,0,2502.49,54.18,2356.32,2610.61,26.96,-0.0563,-0.5886,924.15,617.16,0.98
LJ500_R141_C051,141,51,686750,9571750,9000,0,2632.95,42.27,2540.94,2749.43,19.6,-0.258,-0.6839,1311.5,999.71,1.0
LJ500_R141_C052,141,52,687250,9571750,9500,0,2731.34,36.4,2645.05,2818.92,18.35,-0.5343,-0.4926,1752.16,1437.48,1.0
LJ500_R142_C033,142,33,677750,9572250,0,500,1643.18,38.73,1587.32,1739.47,23.56,-0.1359,0.1158,1618.68,2389.48,0.98
LJ500_R142_C034,142,34,678250,9572250,500,500,1771.88,84.38,1649.0,2003.32,36.76,0.2199,-0.4633,1631.36,2821.35,0.98
LJ500_R142_C035,142,35,678750,9572250,1000,500,1936.29,104.88,1719.55,2162.68,36.51,0.8059,-0.3549,1529.73,3272.62,0.9604
LJ500_R142_C036,142,36,679250,9572250,1500,500,2028.52,97.38,1831.29,2243.46,35.43,0.897,-0.2597,1410.73,3736.31,0.98
LJ500_R142_C037,142,37,679750,9572250,2000,500,2082.15,77.02,1897.02,2245.08,34.21,0.7559,-0.0909,1458.08,4205.16,0.98
LJ500_R142_C038,142,38,680250,9572250,2500,500,2197.84,85.29,1984.44,2379.12,37.2,0.7322,-0.2767,1536.27,4150.91,0.9604
LJ500_R142_C039,142,39,680750,9572250,3000,500,2194.9,72.8,2029.56,2370.63,34.36,0.5871,-0.1237,1705.88,3671.51,0.98
LJ500_R142_C040,142,40,681250,9572250,3500,500,2335.42,61.9,2209.79,2484.71,29.44,-0.2396,-0.5628,1989.98,3198.44,0.98
LJ500_R142_C041,142,41,681750,9572250,4000,500,2499.73,56.27,2380.97,2638.34,25.53,-0.2294,-0.7138,2347.34,2734.89,0.9604
LJ500_R142_C042,142,42,682250,9572250,4500,500,2701.95,59.82,2543.21,2833.89,26.5,-0.0176,-0.7316,2728.18,2282.1,0.98
LJ500_R142_C043,142,43,682750,9572250,5000,500,2854.2,53.94,2750.73,3008.89,23.26,0.5369,-0.5246,2688.95,1840.78,0.98
LJ500_R142_C044,142,44,683250,9572250,5500,500,2954.55,53.67,2831.64,3058.6,23.64,0.5541,-0.3165,2433.84,1428.01,0.9604
LJ500_R142_C045,142,45,683750,9572250,6000,500,2828.65,74.05,2700.55,2970.84,29.03,0.1826,0.8326,2083.61,1063.41,0.98
LJ500_R142_C046,142,46,684250,9572250,6500,500,2630.67,55.31,2493.09,2724.56,23.98,-0.0252,0.7364,1700.59,717.71,0.98
LJ500_R142_C047,142,47,684750,9572250,7000,500,2467.43,51.03,2366.82,2603.22,23.15,-0.1984,0.7365,1367.49,283.37,0.9604
LJ500_R142_C048,142,48,685250,9572250,7500,500,2336.26,27.05,2292.09,2402.87,13.27,-0.3258,0.4316,1149.0,95.51,0.98
LJ500_R142_C049,142,49,685750,9572250,8000,500,2353.5,32.09,2303.97,2460.15,16.25,-0.6537,-0.5062,1127.05,95.83,0.98
LJ500_R142_C050,142,50,686250,9572250,8500,500,2475.62,46.39,2351.17,2589.15,30.53,-0.2768,-0.337,1311.5,348.42,0.9604
LJ500_R142_C051,142,51,686750,9572250,9000,500,2604.3,65.94,2482.42,2737.48,26.65,0.2598,-0.7669,1629.11,818.83,0.98
LJ500_R142_C052,142,52,687250,9572250,9500,500,2750.23,41.64,2633.76,2828.29,20.6,0.4084,-0.5323,2005.0,1311.56,0.98
LJ500_R143_C033,143,33,677750,9572750,0,1000,1695.71,61.16,1616.22,1830.22,28.87,-0.2315,0.2856,1127.05,2641.65,1.0
LJ500_R143_C034,143,34,678250,9572750,500,1000,1862.8,104.47,1676.51,2079.96,38.34,-0.4046,-0.6774,1149.0,3076.92,1.0
LJ500_R143_C035,143,35,678750,9572750,1000,1000,1922.18,94.89,1754.86,2099.5,33.74,-0.8283,0.1152,1090.89,3501.43,0.98
LJ500_R143_C036,143,36,679250,9572750,1500,1000,1935.58,62.76,1824.12,2124.1,25.53,-0.6674,-0.3486,916.72,3938.27,1.0
LJ500_R143_C037,143,37,679750,9572750,2000,1000,2031.1,77.68,1885.7,2178.78,28.98,-0.736,-0.1714,972.79,4257.65,1.0
LJ500_R143_C038,143,38,680250,9572750,2500,1000,2071.88,63.73,1949.38,2195.26,31.23,-0.3571,-0.3521,1053.67,3965.34,0.98
LJ500_R143_C039,143,39,680750,9572750,3000,1000,2182.85,47.87,2029.56,2255.36,24.38,-0.5099,-0.1946,1288.42,3539.43,1.0
LJ500_R143_C040,143,40,681250,9572750,3500,1000,2328.55,77.37,2186.18,2493.97,29.89,0.384,-0.6511,1646.21,3062.68,1.0
LJ500_R143_C041,143,41,681750,9572750,4000,1000,2536.09,80.52,2364.06,2695.07,30.15,0.0784,-0.8362,2063.98,2574.89,0.98
LJ500_R143_C042,143,42,682250,9572750,4500,1000,2723.28,27.04,2643.82,2779.02,16.38,0.3354,-0.4186,2412.06,2092.86,1.0
LJ500_R143_C043,143,43,682750,9572750,5000,1000,2773.25,27.25,2721.94,2831.64,12.04,0.4485,-0.5846,2240.54,1621.62,1.0
LJ500_R143_C044,143,44,683250,9572750,5500,1000,2873.79,42.88,2797.8,2964.98,18.47,0.2532,-0.7432,2066.41,1165.33,0.98
LJ500_R143_C045,143,45,683750,9572750,6000,1000,2849.44,66.33,2711.9,2968.56,27.12,0.1437,0.7863,1999.5,733.35,1.0
LJ500_R143_C046,143,46,684250,9572750,6500,1000,2617.69,51.88,2517.47,2737.28,23.06,0.288,0.7614,1919.5,362.59,1.0
LJ500_R143_C047,143,47,684750,9572750,7000,1000,2469.63,49.55,2393.63,2609.27,18.79,0.0514,0.8836,1757.57,129.66,0.98
LJ500_R143_C048,143,48,685250,9572750,7500,1000,2374.1,16.58,2331.23,2410.98,11.42,-0.4763,0.2122,1633.08,221.1,1.0
LJ500_R143_C049,143,49,685750,9572750,8000,1000,2445.32,47.74,2365.29,2581.18,21.89,-0.4896,-0.6396,1618.68,426.61,1.0
LJ500_R143_C050,143,50,686250,9572750,8500,1000,2626.05,61.16,2443.64,2740.17,27.5,-0.3345,-0.5918,1752.16,519.8,0.98
LJ500_R143_C051,143,51,686750,9572750,9000,1000,2648.57,70.5,2499.91,2789.29,30.43,-0.6085,0.0672,2005.0,905.63,1.0
LJ500_R143_C052,143,52,687250,9572750,9500,1000,2687.46,41.5,2588.38,2789.25,25.53,-0.065,-0.4003,2335.38,1367.52,1.0
LJ500_R144_C033,144,33,677750,9573250,0,1500,1747.42,84.36,1630.29,1944.27,32.93,-0.0849,0.5443,648.49,2643.86,1.0
LJ500_R144_C034,144,34,678250,9573250,500,1500,1861.72,102.25,1681.33,2077.57,35.53,0.2407,-0.9156,685.77,3104.84,1.0
LJ500_R144_C035,144,35,678750,9573250,1000,1500,2156.71,73.82,2000.11,2303.79,33.44,-0.2368,-0.56,725.16,3576.31,0.98
LJ500_R144_C036,144,36,679250,9573250,1500,1500,2205.11,93.64,2008.77,2361.34,33.71,-0.8475,-0.1993,437.64,4048.85,1.0
LJ500_R144_C037,144,37,679750,9573250,2000,1500,2287.17,70.82,2156.45,2431.72,27.74,-0.894,-0.0932,502.16,4077.69,1.0
LJ500_R144_C038,144,38,680250,9573250,2500,1500,2207.73,57.89,2079.85,2378.48,29.54,-0.5281,0.1457,600.22,3664.64,0.98
LJ500_R144_C039,144,39,680750,9573250,3000,1500,2296.47,50.41,2199.42,2421.66,21.9,-0.799,-0.2878,953.98,3268.03,1.0
LJ500_R144_C040,144,40,681250,9573250,3500,1500,2346.47,57.62,2234.7,2486.08,27.64,-0.6863,-0.1798,1400.03,2893.81,1.0
LJ500_R144_C041,144,41,681750,9573250,4000,1500,2491.64,87.08,2335.46,2691.17,35.0,0.1606,-0.599,1873.52,2478.49,0.98
LJ500_R144_C042,144,42,682250,9573250,4500,1500,2638.19,52.17,2504.06,2719.35,27.2,0.2588,-0.4136,2103.68,1998.49,1.0
LJ500_R144_C043,144,43,682750,9573250,5000,1500,2772.03,46.13,2687.4,2864.28,18.19,-0.2066,-0.8156,1808.32,1506.82,1.0
LJ500_R144_C044,144,44,683250,9573250,5500,1500,2865.64,27.57,2805.74,2936.63,17.24,-0.0493,-0.0543,1587.48,1014.03,0.98
LJ500_R144_C045,144,45,683750,9573250,6000,1500,2778.79,37.73,2691.3,2859.41,20.07,0.4916,0.5355,1504.02,527.54,1.0
LJ500_R144_C046,144,46,684250,9573250,6500,1500,2577.09,70.48,2487.06,2734.95,24.28,0.1492,0.867,1506.7,113.17,1.0
LJ500_R144_C047,144,47,684750,9573250,7000,1500,2466.03,23.32,2416.69,2519.5,11.73,-0.2593,0.6679,1510.01,32.0,0.98
LJ500_R144_C048,144,48,685250,9573250,7500,1500,2431.58,23.96,2389.54,2496.62,13.24,-0.5819,-0.2343,1621.75,300.0,1.0
LJ500_R144_C049,144,49,685750,9573250,8000,1500,2550.55,51.63,2431.58,2659.79,26.17,-0.3727,-0.5094,1842.07,758.44,1.0
LJ500_R144_C050,144,50,686250,9573250,8500,1500,2682.17,53.82,2558.54,2794.75,25.86,-0.2541,-0.6888,2104.71,959.11,0.98
LJ500_R144_C051,144,51,686750,9573250,9000,1500,2848.98,55.04,2728.74,2977.86,27.26,-0.4542,-0.5341,2394.55,1212.44,1.0
LJ500_R144_C052,144,52,687250,9573250,9500,1500,2829.33,50.55,2728.67,2977.34,22.98,-0.542,0.2545,2676.77,1587.46,1.0
LJ500_R145_C033,145,33,677750,9573750,0,2000,1763.35,83.87,1650.02,1955.1,31.52,-0.1055,0.6236,270.03,2477.91,0.98
LJ500_R145_C034,145,34,678250,9573750,500,2000,1865.48,110.79,1659.51,2089.31,38.21,-0.2229,-0.8823,349.75,2964.8,0.98
LJ500_R145_C035,145,35,678750,9573750,1000,2000,2165.65,80.39,2005.75,2316.28,32.91,-0.0039,-0.8377,572.53,3455.43,0.9604
LJ500_R145_C036,145,36,679250,9573750,1500,2000,2409.52,67.59,2289.29,2590.8,29.59,-0.4088,-0.4828,176.49,3932.22,0.98
LJ500_R145_C037,145,37,679750,9573750,2000,2000,2509.05,65.5,2355.57,2625.06,28.57,-0.6856,-0.0428,157.42,3810.51,0.98
LJ500_R145_C038,145,38,680250,9573750,2500,2000,2411.21,66.2,2252.01,2554.55,26.41,-0.8061,0.439,336.5,3385.67,0.9604
LJ500_R145_C039,145,39,680750,9573750,3000,2000,2461.07,55.47,2313.04,2588.32,25.19,-0.4341,-0.5401,812.72,2969.73,0.98
LJ500_R145_C040,145,40,681250,9573750,3500,2000,2571.73,85.94,2429.8,2799.25,29.92,-0.7906,-0.4168,1307.74,2565.15,0.98
LJ500_R145_C041,145,41,681750,9573750,4000,2000,2599.37,89.73,2429.08,2797.91,34.17,-0.799,0.0653,1803.97,2196.73,0.9604
LJ500_R145_C042,145,42,682250,9573750,4500,2000,2728.89,65.54,2550.4,2871.92,28.39,-0.4445,-0.6706,1808.32,1829.14,0.98
LJ500_R145_C043,145,43,682750,9573750,5000,2000,2862.09,53.31,2705.61,2959.28,20.32,-0.7232,-0.5389,1421.27,1392.58,0.98
LJ500_R145_C044,145,44,683250,9573750,5500,2000,2865.8,40.34,2786.47,2957.02,20.46,-0.0339,0.5321,1126.99,930.78,0.9604
LJ500_R145_C045,145,45,683750,9573750,6000,2000,2721.66,46.26,2625.39,2813.29,19.94,-0.0344,0.7571,1006.07,451.43,0.98
LJ500_R145_C046,145,46,684250,9573750,6500,2000,2573.8,37.76,2506.21,2679.45,16.42,-0.3438,0.4928,1010.11,81.66,0.98
LJ500_R145_C047,145,47,684750,9573750,7000,2000,2528.41,27.14,2461.43,2591.95,14.36,-0.587,0.3697,1015.04,76.97,0.9604
LJ500_R145_C048,145,48,685250,9573750,7500,2000,2490.05,21.99,2440.59,2549.75,13.26,-0.4414,-0.181,1174.76,304.14,0.98
LJ500_R145_C049,145,49,685750,9573750,8000,2000,2585.19,42.14,2506.59,2692.92,18.86,-0.1178,-0.8246,1493.32,801.29,0.98
LJ500_R145_C050,145,50,686250,9573750,8500,2000,2746.87,57.48,2630.36,2893.55,26.93,-0.2705,-0.6109,1892.09,1278.01,0.9604
LJ500_R145_C051,145,51,686750,9573750,9000,2000,2859.96,52.69,2751.24,2976.38,26.42,0.0725,-0.609,2330.24,1611.82,0.98
LJ500_R145_C052,145,52,687250,9573750,9500,2000,2891.13,46.09,2808.87,2978.99,20.24,-0.0448,0.6077,2656.14,1915.72,0.98
LJ500_R146_C033,146,33,677750,9574250,0,2500,1753.17,70.89,1664.76,1955.1,30.84,0.1282,0.2482,132.77,2405.84,1.0
LJ500_R146_C034,146,34,678250,9574250,500,2500,1876.16,82.21,1716.32,2071.24,35.98,0.023,-0.6651,398.33,2902.94,1.0
LJ500_R146_C035,146,35,678750,9574250,1000,2500,2122.32,84.32,1918.56,2287.71,34.97,0.0399,-0.7802,712.42,3341.1,0.98
LJ500_R146_C036,146,36,679250,9574250,1500,2500,2398.56,81.86,2245.07,2592.97,32.89,0.0834,-0.8252,383.23,3688.99,1.0
LJ500_R146_C037,146,37,679750,9574250,2000,2500,2628.07,44.3,2524.34,2717.0,25.22,-0.3036,-0.2,152.99,3587.48,1.0
LJ500_R146_C038,146,38,680250,9574250,2500,2500,2587.28,58.62,2458.11,2713.52,23.66,-0.8475,0.3513,349.75,3133.69,0.98
LJ500_R146_C039,146,39,680750,9574250,3000,2500,2543.05,50.44,2435.87,2647.58,27.03,-0.501,-0.2475,818.83,2696.3,1.0
LJ500_R146_C040,146,40,681250,9574250,3500,2500,2740.3,74.35,2596.89,2853.42,27.6,-0.1587,-0.777,1311.56,2276.49,1.0
LJ500_R146_C041,146,41,681750,9574250,4000,2500,2804.94,47.27,2664.34,2900.1,20.61,-0.7071,0.3543,1777.92,1865.37,0.98
LJ500_R146_C042,146,42,682250,9574250,4500,2500,2830.29,61.39,2662.26,2937.15,25.32,-0.4898,-0.6045,1585.68,1493.19,1.0
LJ500_R146_C043,146,43,682750,9574250,5000,2500,2968.95,28.67,2880.0,3011.36,15.73,-0.3352,-0.2121,1126.99,1148.52,1.0
LJ500_R146_C044,146,44,683250,9574250,5500,2500,2889.53,40.37,2823.54,2972.98,16.65,-0.0728,0.9177,721.13,733.07,0.98
LJ500_R146_C045,146,45,683750,9574250,6000,2500,2737.24,57.61,2626.07,2828.14,21.06,0.0496,0.9152,512.58,334.01,1.0
LJ500_R146_C046,146,46,684250,9574250,6500,2500,2618.9,21.21,2566.05,2664.61,12.47,-0.484,0.4587,520.85,51.31,1.0
LJ500_R146_C047,146,47,684750,9574250,7000,2500,2602.69,25.69,2546.98,2664.95,15.4,-0.5522,0.1725,530.17,82.63,0.98
LJ500_R146_C048,146,48,685250,9574250,7500,2500,2546.95,25.43,2495.95,2609.15,12.72,-0.5408,0.4064,793.75,377.57,1.0
LJ500_R146_C049,146,49,685750,9574250,8000,2500,2597.73,36.41,2530.25,2683.99,15.56,-0.1546,-0.8811,1216.59,855.79,1.0
LJ500_R146_C050,146,50,686250,9574250,8500,2500,2784.71,76.9,2642.99,2935.57,29.17,-0.1179,-0.8799,1682.28,1341.36,0.98
LJ500_R146_C051,146,51,686750,9574250,9000,2500,2961.52,50.44,2860.55,3063.88,25.25,-0.4675,-0.2734,2163.34,1807.89,1.0
LJ500_R146_C052,146,52,687250,9574250,9500,2500,2911.33,49.37,2808.49,3005.96,19.14,-0.2296,0.6083,2523.15,2058.22,1.0
LJ500_R147_C033,147,33,677750,9574750,0,3000,1761.68,53.01,1685.38,1940.04,32.1,-0.2819,-0.0263,416.09,2369.17,1.0
LJ500_R147_C034,147,34,678250,9574750,500,3000,1947.49,78.64,1792.63,2132.42,32.65,-0.1894,-0.7613,581.45,2692.66,1.0
LJ500_R147_C035,147,35,678750,9574750,1000,3000,2188.4,75.96,2003.34,2338.24,34.65,-0.1165,-0.6661,822.32,2986.64,0.98
LJ500_R147_C036,147,36,679250,9574750,1500,3000,2418.96,72.88,2254.5,2544.06,30.81,-0.0051,-0.777,731.57,3327.16,1.0
LJ500_R147_C037,147,37,679750,9574750,2000,3000,2640.35,64.61,2501.92,2772.11,29.09,0.0833,-0.679,608.59,3409.42,1.0
LJ500_R147_C038,147,38,680250,9574750,2500,3000,2755.49,49.4,2640.87,2856.84,28.88,-0.0034,-0.2068,685.77,2944.49,0.98
LJ500_R147_C039,147,39,680750,9574750,3000,3000,2776.02,79.46,2604.9,2917.03,30.84,-0.8539,0.0643,1009.97,2473.87,1.0
LJ500_R147_C040,147,40,681250,9574750,3500,3000,2789.26,68.64,2617.35,2931.37,29.71,-0.5967,-0.3551,1438.77,2017.43,1.0
LJ500_R147_C041,147,41,681750,9574750,4000,3000,2929.93,52.94,2827.56,3060.8,22.54,-0.4261,-0.623,1751.09,1585.15,0.98
LJ500_R147_C042,147,42,682250,9574750,4500,3000,2971.74,61.68,2829.69,3086.12,24.52,-0.7871,-0.1652,1388.52,1170.28,1.0
LJ500_R147_C043,147,43,682750,9574750,5000,3000,2994.11,41.97,2868.57,3089.48,19.66,-0.0713,0.4729,941.45,793.75,1.0
LJ500_R147_C044,147,44,683250,9574750,5500,3000,2830.07,66.47,2718.21,2957.32,23.08,0.5159,0.8151,494.52,480.41,0.98
LJ500_R147_C045,147,45,683750,9574750,6000,3000,2705.42,26.17,2671.29,2813.06,10.61,-0.0864,0.7321,128.06,94.82,1.0
LJ500_R147_C046,147,46,684250,9574750,6500,3000,2653.13,13.43,2619.03,2697.91,7.2403,-0.3996,0.593,149.98,107.57,1.0
LJ500_R147_C047,147,47,684750,9574750,7000,3000,2677.02,31.37,2609.48,2742.68,15.4,-0.5483,-0.2675,205.06,99.83,0.98
LJ500_R147_C048,147,48,685250,9574750,7500,3000,2629.39,38.52,2554.9,2730.88,17.58,-0.6488,0.3169,617.17,460.57,1.0
LJ500_R147_C049,147,49,685750,9574750,8000,3000,2625.37,39.22,2550.82,2744.42,20.16,-0.3587,-0.4663,1109.18,932.91,1.0
LJ500_R147_C050,147,50,686250,9574750,8500,3000,2775.52,55.32,2660.0,2878.86,24.48,0.0547,-0.7523,1606.28,1370.86,0.98
LJ500_R147_C051,147,51,686750,9574750,9000,3000,2977.31,62.06,2838.25,3069.21,24.65,0.0601,-0.5507,2104.77,1519.91,1.0
LJ500_R147_C052,147,52,687250,9574750,9500,3000,2960.86,39.02,2874.97,3058.09,18.03,-0.5596,0.5358,2484.54,1615.03,1.0
LJ500_R148_C033,148,33,677750,9575250,0,3500,1840.07,82.24,1712.32,2046.23,33.06,-0.2561,0.5744,869.17,2017.43,0.98
LJ500_R148_C034,148,34,678250,9575250,500,3500,1871.33,81.53,1738.3,2074.15,32.12,0.4989,-0.5941,710.96,2284.73,0.98
LJ500_R148_C035,148,35,678750,9575250,1000,3500,2073.6,75.06,1890.81,2219.13,35.14,0.3255,-0.6816,437.64,2621.07,0.9604
LJ500_R148_C036,148,36,679250,9575250,1500,3500,2350.57,97.94,2156.24,2543.87,37.22,0.1847,-0.8067,583.15,3003.33,0.98
LJ500_R148_C037,148,37,679750,9575250,2000,3500,2548.75,43.54,2439.92,2647.73,28.04,0.4267,-0.3017,942.2,3247.5,0.98
LJ500_R148_C038,148,38,680250,9575250,2500,3500,2672.96,57.27,2550.17,2815.85,29.19,0.0013,-0.5527,1145.5,2828.03,0.9604
LJ500_R148_C039,148,39,680750,9575250,3000,3500,2853.01,71.88,2709.68,3001.01,30.63,-0.0468,-0.6849,1367.49,2338.33,0.98
LJ500_R148_C040,148,40,681250,9575250,3500,3500,2998.67,34.72,2911.83,3070.06,21.92,-0.1969,-0.3816,1708.8,1849.35,0.98
LJ500_R148_C041,148,41,681750,9575250,4000,3500,3055.27,46.3,2939.9,3133.41,24.27,-0.1934,-0.3233,1711.88,1367.52,0.9604
LJ500_R148_C042,148,42,682250,9575250,4500,3500,3095.78,30.32,2994.86,3150.0,19.81,0.1107,0.318,1224.83,905.63,0.98
LJ500_R148_C043,148,43,682750,9575250,5000,3500,2940.0,71.74,2818.8,3093.76,26.9,0.4267,0.8315,741.61,483.23,0.98
LJ500_R148_C044,148,44,683250,9575250,5500,3500,2755.76,33.1,2715.41,2860.93,13.99,-0.1503,0.8476,281.22,153.93,0.9604
LJ500_R148_C045,148,45,683750,9575250,6000,3500,2707.6,9.9285,2682.34,2730.27,5.6396,-0.0934,0.4917,52.97,28.0,0.98
LJ500_R148_C046,148,46,684250,9575250,6500,3500,2689.74,20.14,2653.95,2747.89,9.8713,-0.7094,0.0372,132.71,171.56,0.98
LJ500_R148_C047,148,47,684750,9575250,7000,3500,2751.41,36.23,2659.68,2811.8,16.14,-0.5589,-0.3493,213.22,383.91,0.9604
LJ500_R148_C048,148,48,685250,9575250,7500,3500,2720.07,35.89,2646.12,2806.8,16.71,-0.5971,0.3768,625.13,715.0,0.98
LJ500_R148_C049,148,49,685750,9575250,8000,3500,2688.85,33.42,2617.38,2766.41,22.45,-0.4565,0.018,1113.67,1055.21,0.98
LJ500_R148_C050,148,50,686250,9575250,8500,3500,2782.13,38.96,2689.19,2865.2,23.56,0.1184,-0.5037,1609.39,1029.69,0.9604
LJ500_R148_C051,148,51,686750,9575250,9000,3500,2954.99,78.03,2792.96,3094.94,28.38,0.2842,-0.774,2107.15,1029.69,0.98
LJ500_R148_C052,148,52,687250,9575250,9500,3500,3072.6,29.28,2987.23,3122.2,20.1,-0.3731,0.2182,2514.06,1127.05,0.98
LJ500_R149_C033,149,33,677750,9575750,0,4000,2010.47,83.91,1816.72,2129.24,32.9,-0.5661,0.3486,929.16,1587.46,1.0
LJ500_R149_C034,149,34,678250,9575750,500,4000,1867.57,80.06,1763.92,2091.67,32.62,-0.3933,0.1554,610.34,1915.72,1.0
LJ500_R149_C035,149,35,678750,9575750,1000,4000,1973.87,79.71,1824.71,2155.26,34.19,0.3943,-0.7115,181.44,2306.51,0.98
LJ500_R149_C036,149,36,679250,9575750,1500,4000,2218.86,106.13,1966.54,2461.91,39.48,0.5841,-0.5049,416.09,2731.78,1.0
LJ500_R149_C037,149,37,679750,9575750,2000,4000,2337.76,105.8,2127.48,2566.29,38.48,0.8267,-0.3185,906.77,3029.47,1.0
LJ500_R149_C038,149,38,680250,9575750,2500,4000,2574.6,112.24,2287.83,2815.85,39.04,0.5606,-0.7303,1397.01,2730.08,0.98
LJ500_R149_C039,149,39,680750,9575750,3000,4000,2850.8,87.95,2598.04,2996.87,33.52,0.4119,-0.4192,1773.97,2240.38,1.0
LJ500_R149_C040,149,40,681250,9575750,3500,4000,2915.93,52.13,2789.69,3001.72,26.57,0.3538,-0.3317,2020.44,1751.43,1.0
LJ500_R149_C041,149,41,681750,9575750,4000,4000,3065.6,43.45,2948.54,3120.75,19.15,0.0467,-0.4634,1717.59,1263.94,0.98
LJ500_R149_C042,149,42,682250,9575750,4500,4000,3045.47,34.15,2968.75,3104.18,17.05,0.2636,0.706,1224.83,779.02,1.0
LJ500_R149_C043,149,43,682750,9575750,5000,4000,2903.35,49.74,2812.65,3000.51,19.66,-0.0886,0.8572,741.93,308.45,1.0
LJ500_R149_C044,149,44,683250,9575750,5500,4000,2786.77,27.18,2734.68,2871.11,12.5,-0.4705,0.6727,317.36,96.52,0.98
LJ500_R149_C045,149,45,683750,9575750,6000,4000,2733.29,20.12,2698.0,2796.98,9.4414,-0.6293,0.3425,211.59,198.15,1.0
LJ500_R149_C046,149,46,684250,9575750,6500,4000,2753.51,19.45,2711.76,2793.41,8.9149,-0.6551,-0.5353,173.44,120.17,1.0
LJ500_R149_C047,149,47,684750,9575750,7000,4000,2813.52,28.11,2747.89,2878.71,12.81,-0.4334,-0.4214,422.75,468.88,0.98
LJ500_R149_C048,149,48,685250,9575750,7500,4000,2816.55,36.0,2743.88,2925.63,15.75,-0.7955,0.015,734.93,890.47,1.0
LJ500_R149_C049,149,49,685750,9575750,8000,4000,2829.76,55.27,2702.87,2947.0,25.74,-0.7279,-0.018,1179.04,812.27,1.0
LJ500_R149_C050,149,50,686250,9575750,8500,4000,2873.02,80.26,2714.93,3008.25,30.09,-0.821,-0.2641,1655.32,557.35,0.98
LJ500_R149_C051,149,51,686750,9575750,9000,4000,2911.13,41.62,2792.96,2981.05,23.1,-0.3153,-0.3349,2142.44,547.04,1.0
LJ500_R149_C052,149,52,687250,9575750,9500,4000,3058.75,49.34,2954.75,3122.22,18.96,0.0732,-0.8206,2593.68,648.49,1.0
LJ500_R150_C033,150,33,677750,9576250,0,4500,2092.93,63.82,1956.08,2177.84,28.51,-0.0628,-0.2081,1054.07,1212.44,1.0
LJ500_R150_C034,150,34,678250,9576250,500,4500,1983.2,85.37,1808.47,2121.88,32.11,-0.2022,0.7668,793.75,1618.65,1.0
LJ500_R150_C035,150,35,678750,9576250,1000,4500,1892.21,57.03,1813.16,2033.36,27.45,0.0798,-0.3904,530.17,2066.41,0.98
LJ500_R150_C036,150,36,679250,9576250,1500,4500,2037.62,63.39,1891.42,2213.29,34.89,0.179,-0.436,655.8,2429.12,1.0
LJ500_R150_C037,150,37,679750,9576250,2000,4500,2230.94,92.2,2063.19,2422.49,37.98,-0.3644,-0.6693,1039.28,2603.85,1.0
LJ500_R150_C038,150,38,680250,9576250,2500,4500,2511.87,96.65,2259.08,2696.34,36.55,-0.3235,-0.8188,1493.35,2600.49,0.98
LJ500_R150_C039,150,39,680750,9576250,3000,4500,2796.07,73.33,2585.45,2941.26,30.35,-0.357,-0.6353,1895.51,2137.43,1.0
LJ500_R150_C040,150,40,681250,9576250,3500,4500,2969.17,63.35,2821.54,3085.54,24.8,-0.3991,-0.6548,1933.95,1653.35,1.0
LJ500_R150_C041,150,41,681750,9576250,4000,4500,3029.49,29.64,2953.52,3083.71,16.14,0.4029,0.2711,1735.6,1166.68,0.98
LJ500_R150_C042,150,42,682250,9576250,4500,4500,2974.47,36.97,2874.41,3069.91,18.76,0.5855,0.4047,1393.99,682.89,1.0
LJ500_R150_C043,150,43,682750,9576250,5000,4500,2879.29,41.6,2793.76,2954.09,17.87,0.5586,0.51,1000.0,205.48,1.0
LJ500_R150_C044,150,44,683250,9576250,5500,4500,2842.75,17.54,2801.35,2883.95,14.51,-0.2035,0.0232,741.93,57.66,0.98
LJ500_R150_C045,150,45,683750,9576250,6000,4500,2791.08,23.8,2746.05,2865.13,10.77,-0.6883,0.2527,595.0,340.14,1.0
LJ500_R150_C046,150,46,684250,9576250,6500,4500,2819.72,33.76,2749.26,2893.94,12.99,-0.8044,-0.3591,528.01,121.23,1.0
LJ500_R150_C047,150,47,684750,9576250,7000,4500,2889.12,42.87,2793.44,2991.88,18.73,-0.5953,-0.2329,787.09,400.0,0.98
LJ500_R150_C048,150,48,685250,9576250,7500,4500,2914.87,31.65,2852.68,2994.53,16.54,-0.6609,-0.3381,1089.68,761.5,1.0
LJ500_R150_C049,150,49,685750,9576250,8000,4500,2994.61,51.28,2882.09,3099.62,24.12,-0.6782,-0.0357,1428.29,438.32,1.0
LJ500_R150_C050,150,50,686250,9576250,8500,4500,3030.58,54.05,2889.81,3159.92,27.02,-0.4498,-0.3864,1841.2,149.99,0.98
LJ500_R150_C051,150,51,686750,9576250,9000,4500,3067.84,68.88,2957.25,3249.38,27.8,-0.8066,0.2068,2289.11,121.91,1.0
LJ500_R150_C052,150,52,687250,9576250,9500,4500,3099.89,46.84,2978.7,3204.16,21.35,-0.452,-0.3804,2743.54,214.29,1.0
LJ500_R151_C033,151,33,677750,9576750,0,5000,2147.76,52.09,1983.77,2243.98,29.67,-0.2381,0.137,1035.29,959.29,0.98
LJ500_R151_C034,151,34,678250,9576750,500,5000,2029.54,46.66,1924.63,2111.92,24.16,-0.285,0.6539,1160.53,1438.8,0.98
LJ500_R151_C035,151,35,678750,9576750,1000,5000,1946.36,68.52,1839.7,2078.04,30.69,-0.3802,0.325,1015.04,1829.98,0.9604
LJ500_R151_C036,151,36,679250,9576750,1500,5000,1997.84,101.14,1854.81,2210.57,33.26,0.0977,-0.8453,1086.35,1969.79,0.98
LJ500_R151_C037,151,37,679750,9576750,2000,5000,2327.14,90.34,2132.05,2495.6,37.2,0.0827,-0.7152,1352.78,2151.75,0.98
LJ500_R151_C038,151,38,680250,9576750,2500,5000,2554.14,80.1,2351.01,2721.12,34.31,0.3714,-0.6679,1578.47,2362.84,0.9604
LJ500_R151_C039,151,39,680750,9576750,3000,5000,2707.49,88.71,2515.15,2901.04,37.58,0.6018,-0.1598,1519.91,2027.33,0.98
LJ500_R151_C040,151,40,681250,9576750,3500,5000,2889.5,103.91,2616.91,3080.66,39.18,0.6277,-0.4319,1463.85,1536.27,0.98
LJ500_R151_C041,151,41,681750,9576750,4000,5000,2902.48,74.12,2699.37,3057.98,30.2,0.667,0.2273,1322.94,1050.46,0.9604
LJ500_R151_C042,151,42,682250,9576750,4500,5000,2854.91,48.53,2738.45,2951.09,23.61,0.5971,0.4225,1332.39,568.8,0.98
LJ500_R151_C043,151,43,682750,9576750,5000,5000,2788.97,24.31,2728.11,2857.77,16.14,0.3278,-0.1751,1336.2,133.17,0.98
LJ500_R151_C044,151,44,683250,9576750,5500,5000,2856.82,25.26,2798.59,2894.33,12.19,0.133,-0.5206,1217.95,127.83,0.9604
LJ500_R151_C045,151,45,683750,9576750,6000,5000,2847.33,16.98,2805.44,2881.51,9.7336,-0.3139,0.2402,1053.67,118.82,0.98
LJ500_R151_C046,151,46,684250,9576750,6500,5000,2892.92,24.72,2829.3,2940.37,12.87,-0.0356,-0.5081,1014.03,61.91,0.98
LJ500_R151_C047,151,47,684750,9576750,7000,5000,2929.71,33.93,2863.32,3007.46,17.76,0.429,-0.3017,1174.76,301.1,0.9604
LJ500_R151_C048,151,48,685250,9576750,7500,5000,3011.89,31.77,2928.23,3096.63,21.19,-0.1487,-0.4641,1482.74,617.01,0.98
LJ500_R151_C049,151,49,685750,9576750,8000,5000,3140.76,45.65,3008.95,3227.7,25.26,-0.2285,-0.3609,1786.06,336.93,0.98
LJ500_R151_C050,151,50,686250,9576750,8500,5000,3186.91,57.61,3052.29,3345.65,25.01,-0.5481,-0.5316,2130.73,94.86,0.9604
LJ500_R151_C051,151,51,686750,9576750,9000,5000,3267.07,68.97,3122.81,3399.17,30.46,-0.3313,0.4814,2527.85,328.89,0.98
LJ500_R151_C052,151,52,687250,9576750,9500,5000,3169.59,24.45,3098.49,3216.01,17.9,-0.2543,0.145,2956.16,150.68,0.98
LJ500_R152_C033,152,33,677750,9577250,0,5500,2224.48,39.6,2125.15,2293.18,25.52,-0.2087,0.3346,906.77,896.5,1.0
LJ500_R152_C034,152,34,678250,9577250,500,5500,2109.27,37.31,2015.46,2197.02,22.42,-0.2254,0.5932,1355.18,1255.32,1.0
LJ500_R152_C035,152,35,678750,9577250,1000,5500,1953.29,51.52,1873.42,2080.79,30.4,0.0713,0.452,1488.55,1381.08,0.98
LJ500_R152_C036,152,36,679250,9577250,1500,5500,1993.46,73.61,1870.65,2176.02,33.47,0.1606,-0.5117,1554.77,1493.35,1.0
LJ500_R152_C037,152,37,679750,9577250,2000,5500,2167.89,103.62,1938.52,2375.55,38.52,0.7768,-0.2964,1524.56,1726.27,1.0
LJ500_R152_C038,152,38,680250,9577250,2500,5500,2273.98,99.65,2033.98,2515.12,37.14,0.6017,-0.5292,1228.83,2051.42,0.98
LJ500_R152_C039,152,39,680750,9577250,3000,5500,2426.47,89.06,2246.61,2700.92,38.34,0.683,-0.0939,1029.69,1997.45,1.0
LJ500_R152_C040,152,40,681250,9577250,3500,5500,2584.04,118.34,2298.99,2834.61,41.25,0.6544,-0.4828,1003.4,1500.67,1.0
LJ500_R152_C041,152,41,681750,9577250,4000,5500,2628.15,92.66,2438.2,2859.87,36.87,0.6294,-0.2477,836.89,1001.02,0.98
LJ500_R152_C042,152,42,682250,9577250,4500,5500,2733.61,42.15,2647.66,2865.79,20.84,0.5192,0.0979,866.18,502.15,1.0
LJ500_R152_C043,152,43,682750,9577250,5000,5500,2744.04,28.01,2687.69,2819.73,13.01,0.4448,-0.6413,1140.18,86.6,1.0
LJ500_R152_C044,152,44,683250,9577250,5500,5500,2807.78,30.58,2755.16,2864.44,12.82,0.8169,-0.263,1485.63,265.11,0.98
LJ500_R152_C045,152,45,683750,9577250,6000,5500,2819.68,22.26,2769.97,2863.78,11.64,0.659,-0.0973,1533.74,164.71,1.0
LJ500_R152_C046,152,46,684250,9577250,6500,5500,2845.13,29.84,2780.81,2901.91,17.05,0.4669,-0.1431,1509.34,103.8,1.0
LJ500_R152_C047,152,47,684750,9577250,7000,5500,2880.72,34.49,2814.12,2977.33,17.95,0.231,-0.614,1621.75,90.63,0.98
LJ500_R152_C048,152,48,685250,9577250,7500,5500,3000.19,40.41,2886.2,3098.19,19.64,0.3068,-0.6382,1865.48,337.79,1.0
LJ500_R152_C049,152,49,685750,9577250,8000,5500,3050.94,61.5,2925.42,3152.86,25.71,0.7296,-0.0893,2181.87,206.94,1.0
LJ500_R152_C050,152,50,686250,9577250,8500,5500,3161.08,82.54,2986.44,3346.12,32.11,0.352,-0.8508,2487.97,121.17,0.98
LJ500_R152_C051,152,51,686750,9577250,9000,5500,3291.74,36.9,3197.61,3391.41,18.21,-0.1353,0.2672,2835.49,537.84,1.0
LJ500_R152_C052,152,52,687250,9577250,9500,5500,3234.85,59.37,3124.16,3347.23,24.21,-0.4231,0.5118,3218.94,501.03,1.0
LJ500_R153_C033,153,33,677750,9577750,0,6000,2274.94,47.75,2176.73,2394.49,28.12,-0.3322,-0.1546,806.33,677.92,1.0
LJ500_R153_C034,153,34,678250,9577750,500,6000,2171.16,58.93,2040.92,2338.81,27.93,-0.4194,0.6762,1072.39,798.27,1.0
LJ500_R153_C035,153,35,678750,9577750,1000,6000,2103.14,87.5,1922.97,2283.29,35.14,-0.7461,-0.0554,1449.15,895.6,0.98
LJ500_R153_C036,153,36,679250,9577750,1500,6000,2043.28,82.95,1900.3,2251.59,32.71,-0.7728,0.1388,1706.25,1039.28,1.0
LJ500_R153_C037,153,37,679750,9577750,2000,6000,1993.68,54.16,1911.14,2137.43,33.24,-0.0805,0.0809,1307.71,1346.86,1.0
LJ500_R153_C038,153,38,680250,9577750,2500,6000,2137.69,95.24,1977.34,2362.58,36.6,0.4069,-0.5556,871.81,1701.8,0.98
LJ500_R153_C039,153,39,680750,9577750,3000,6000,2208.16,63.14,2068.37,2368.41,32.83,0.3782,-0.2479,557.35,1939.43,1.0
LJ500_R153_C040,153,40,681250,9577750,3500,6000,2341.9,64.99,2204.7,2501.07,35.84,0.2063,-0.4156,575.5,1558.88,1.0
LJ500_R153_C041,153,41,681750,9577750,4000,6000,2568.45,102.15,2370.05,2738.69,35.03,-0.1418,-0.7505,388.23,1079.56,0.98
LJ500_R153_C042,153,42,682250,9577750,4500,6000,2667.13,30.84,2547.97,2730.46,21.14,0.355,0.1979,447.39,608.27,1.0
LJ500_R153_C043,153,43,682750,9577750,5000,6000,2680.35,24.07,2593.48,2756.42,14.59,0.4113,-0.1352,866.18,195.2,1.0
LJ500_R153_C044,153,44,683250,9577750,5500,6000,2707.99,34.16,2633.78,2779.68,14.73,0.7391,-0.2504,1341.7,94.63,0.98
LJ500_R153_C045,153,45,683750,9577750,6000,6000,2754.51,31.05,2695.8,2827.53,15.43,0.4401,-0.5352,1804.58,189.66,1.0
LJ500_R153_C046,153,46,684250,9577750,6500,6000,2780.16,27.88,2728.57,2838.92,16.46,0.4665,-0.0292,2003.1,145.88,1.0
LJ500_R153_C047,153,47,684750,9577750,7000,6000,2803.71,31.42,2728.57,2871.76,15.71,0.6172,-0.4366,2092.86,225.16,0.98
LJ500_R153_C048,153,48,685250,9577750,7500,6000,2879.72,52.35,2779.04,2988.12,23.87,0.5672,-0.2855,2286.92,93.23,1.0
LJ500_R153_C049,153,49,685750,9577750,8000,6000,2958.98,63.62,2857.04,3123.72,27.49,-0.1664,-0.6079,2565.15,148.85,1.0
LJ500_R153_C050,153,50,686250,9577750,8500,6000,3126.56,59.26,2975.43,3262.05,29.21,0.0587,-0.3792,2881.42,362.59,0.98
LJ500_R153_C051,153,51,686750,9577750,9000,6000,3239.71,58.65,3098.03,3350.13,23.98,0.3834,-0.6884,3192.18,734.37,1.0
LJ500_R153_C052,153,52,687250,9577750,9500,6000,3251.95,68.42,3102.47,3363.05,24.84,0.2991,0.6887,3531.67,899.56,1.0
LJ500_R154_C033,154,33,677750,9578250,0,6500,2345.03,65.13,2208.44,2479.95,27.52,-0.2821,-0.7182,388.23,236.05,0.98
LJ500_R154_C034,154,34,678250,9578250,500,6500,2380.33,106.31,2122.27,2547.5,37.84,-0.4592,0.451,774.78,321.99,0.98
LJ500_R154_C035,154,35,678750,9578250,1000,6500,2324.85,72.33,2122.27,2481.35,34.0,-0.5583,-0.2007,1245.06,422.12,0.9604
LJ500_R154_C036,154,36,679250,9578250,1500,6500,2255.58,70.66,2106.35,2392.63,33.57,-0.4508,0.4258,1597.35,643.51,0.98
LJ500_R154_C037,154,37,679750,9578250,2000,6500,2089.47,65.25,1954.0,2250.64,33.68,-0.3326,0.2363,1208.4,998.18,0.98
LJ500_R154_C038,154,38,680250,9578250,2500,6500,2075.24,57.98,1988.81,2253.28,34.05,-0.2773,0.0863,714.61,1367.49,0.9604
LJ500_R154_C039,154,39,680750,9578250,3000,6500,2243.64,71.61,2060.59,2390.6,32.59,-0.1435,-0.7036,256.62,1743.13,0.98
LJ500_R154_C040,154,40,681250,9578250,3500,6500,2422.72,78.66,2243.65,2597.95,30.85,-0.506,-0.5708,334.96,1610.57,0.98
LJ500_R154_C041,154,41,681750,9578250,4000,6500,2583.99,60.2,2425.01,2692.8,32.87,0.2641,-0.1266,317.36,1254.94,0.9604
LJ500_R154_C042,154,42,682250,9578250,4500,6500,2524.48,57.86,2387.44,2650.88,27.13,0.6919,0.3335,388.23,860.24,0.98
LJ500_R154_C043,154,43,682750,9578250,5000,6500,2567.22,66.37,2409.63,2684.54,27.23,0.4862,-0.3627,836.89,564.4,0.98
LJ500_R154_C044,154,44,683250,9578250,5500,6500,2636.27,22.15,2580.75,2696.64,11.18,0.385,-0.5449,1322.94,331.54,0.9604
LJ500_R154_C045,154,45,683750,9578250,6000,6500,2675.31,26.39,2595.97,2742.02,13.52,0.5949,-0.3794,1816.62,64.26,0.98
LJ500_R154_C046,154,46,684250,9578250,6500,6500,2700.35,23.31,2622.75,2757.9,15.76,0.508,-0.2058,2292.5,85.66,0.98
LJ500_R154_C047,154,47,684750,9578250,7000,6500,2757.91,32.75,2685.7,2842.73,20.0,0.2535,-0.512,2561.39,270.59,0.9604
LJ500_R154_C048,154,48,685250,9578250,7500,6500,2859.88,42.03,2778.99,2943.31,25.44,-0.0089,-0.4404,2734.96,424.33,0.98
LJ500_R154_C049,154,49,685750,9578250,8000,6500,2944.07,52.7,2841.18,3097.98,24.24,0.4089,-0.3971,2971.53,544.68,0.98
LJ500_R154_C050,154,50,686250,9578250,8500,6500,3020.56,45.21,2918.19,3112.42,26.17,0.3514,-0.4673,3267.72,771.96,0.9604
LJ500_R154_C051,154,51,686750,9578250,9000,6500,3159.45,43.41,3056.25,3296.91,18.82,0.4486,-0.7426,3581.41,1063.41,0.98
LJ500_R154_C052,154,52,687250,9578250,9500,6500,3163.78,45.89,3091.62,3299.56,17.95,0.4491,0.6554,3857.38,1326.64,0.98
LJ500_R155_C033,155,33,677750,9578750,0,7000,2419.19,56.09,2311.29,2537.85,24.05,-0.4171,-0.6452,264.35,32.0,1.0
LJ500_R155_C034,155,34,678250,9578750,500,7000,2556.26,64.19,2377.15,2693.48,30.33,-0.4386,-0.2226,720.05,94.86,1.0
LJ500_R155_C035,155,35,678750,9578750,1000,7000,2541.77,82.22,2355.71,2701.82,33.57,-0.7608,0.1775,1211.68,89.91,0.98
LJ500_R155_C036,155,36,679250,9578750,1500,7000,2406.91,83.52,2191.65,2589.93,32.05,-0.5813,0.5238,1618.94,311.41,1.0
LJ500_R155_C037,155,37,679750,9578750,2000,7000,2228.77,71.34,2071.77,2390.59,37.4,-0.4165,0.0188,1307.71,685.77,1.0
LJ500_R155_C038,155,38,680250,9578750,2500,7000,2200.38,109.03,2026.78,2410.99,36.82,-0.3661,0.6236,871.81,1118.51,0.98
LJ500_R155_C039,155,39,680750,9578750,3000,7000,2183.2,100.99,2029.67,2371.48,34.51,0.219,-0.822,557.35,1364.45,1.0
LJ500_R155_C040,155,40,681250,9578750,3500,7000,2399.12,91.97,2190.98,2583.59,36.31,0.6735,-0.1924,600.22,1216.59,1.0
LJ500_R155_C041,155,41,681750,9578750,4000,7000,2365.71,93.34,2185.89,2571.17,34.71,0.8852,0.1394,732.86,1104.27,0.98
LJ500_R155_C042,155,42,682250,9578750,4500,7000,2372.98,49.31,2249.19,2489.3,25.9,0.3696,-0.3767,745.3,1087.61,1.0
LJ500_R155_C043,155,43,682750,9578750,5000,7000,2538.97,66.0,2410.58,2665.58,24.82,-0.2477,-0.7551,979.73,923.31,1.0
LJ500_R155_C044,155,44,683250,9578750,5500,7000,2623.54,23.23,2549.74,2665.58,14.14,-0.083,0.1231,1327.9,580.22,0.98
LJ500_R155_C045,155,45,683750,9578750,6000,7000,2583.18,32.51,2508.14,2661.7,22.34,0.3269,-0.2022,1725.44,239.74,1.0
LJ500_R155_C046,155,46,684250,9578750,6500,7000,2686.09,41.93,2600.29,2799.73,24.12,-0.2126,-0.4714,2151.75,62.6,1.0
LJ500_R155_C047,155,47,684750,9578750,7000,7000,2812.04,53.31,2684.39,2913.57,25.96,-0.4158,-0.6208,2603.85,281.22,0.98
LJ500_R155_C048,155,48,685250,9578750,7500,7000,2936.08,71.68,2797.95,3090.95,28.59,-0.6452,-0.4226,3038.56,725.02,1.0
LJ500_R155_C049,155,49,685750,9578750,8000,7000,2941.19,44.82,2861.75,3074.24,24.91,-0.3973,0.024,3380.88,991.3,1.0
LJ500_R155_C050,155,50,686250,9578750,8500,7000,3033.39,44.68,2941.99,3130.04,20.36,-0.2503,-0.7851,3664.7,1214.41,0.98
LJ500_R155_C051,155,51,686750,9578750,9000,7000,3123.85,27.9,3040.64,3174.77,14.63,0.2076,-0.141,3961.87,1449.15,1.0
LJ500_R155_C052,155,52,687250,9578750,9500,7000,3065.44,47.06,2972.67,3164.38,21.39,0.5969,0.3725,3884.93,1744.61,1.0
LJ500_R156_C033,156,33,677750,9579250,0,7500,2558.38,69.62,2420.48,2710.76,30.61,-0.3955,-0.606,648.49,207.74,1.0
LJ500_R156_C034,156,34,678250,9579250,500,7500,2689.6,62.15,2553.98,2833.66,27.41,-0.6546,-0.4205,932.75,417.15,1.0
LJ500_R156_C035,156,35,678750,9579250,1000,7500,2760.04,53.59,2605.87,2849.54,28.85,-0.4364,0.221,1349.1,258.33,0.98
LJ500_R156_C036,156,36,679250,9579250,1500,7500,2560.82,75.57,2394.7,2713.28,29.91,-0.2431,0.7375,1766.33,128.94,1.0
LJ500_R156_C037,156,37,679750,9579250,2000,7500,2396.36,72.45,2221.12,2531.52,33.88,-0.5244,0.0289,1568.44,533.82,1.0
LJ500_R156_C038,156,38,680250,9579250,2500,7500,2357.09,97.62,2097.45,2530.95,33.88,-0.4633,0.6862,1227.43,741.93,0.98
LJ500_R156_C039,156,39,680750,9579250,3000,7500,2141.13,60.52,2042.34,2306.38,34.66,-0.1555,0.1686,958.33,971.3,1.0
LJ500_R156_C040,156,40,681250,9579250,3500,7500,2219.87,84.62,2095.28,2454.94,37.96,-0.2411,-0.2437,720.17,793.75,1.0
LJ500_R156_C041,156,41,681750,9579250,4000,7500,2278.7,82.85,2134.7,2454.94,32.11,-0.618,-0.0146,609.33,610.34,0.98
LJ500_R156_C042,156,42,682250,9579250,4500,7500,2317.47,62.12,2197.24,2441.69,34.41,-0.343,-0.2026,530.17,681.41,1.0
LJ500_R156_C043,156,43,682750,9579250,5000,7500,2449.24,97.61,2281.44,2664.67,35.94,0.4625,-0.5373,655.8,663.58,1.0
LJ500_R156_C044,156,44,683250,9579250,5500,7500,2518.51,65.58,2398.72,2664.67,35.32,0.2403,-0.1158,1039.28,386.32,0.98
LJ500_R156_C045,156,45,683750,9579250,6000,7500,2656.64,68.25,2495.23,2793.47,30.21,-0.5114,-0.5521,1493.35,92.26,1.0
LJ500_R156_C046,156,46,684250,9579250,6500,7500,2778.52,46.22,2679.38,2906.34,27.75,-0.4592,-0.3183,1969.79,274.53,1.0
LJ500_R156_C047,156,47,684750,9579250,7000,7500,2884.28,52.77,2770.33,2994.22,29.38,-0.1756,-0.5302,2455.62,573.3,0.98
LJ500_R156_C048,156,48,685250,9579250,7500,7500,3049.49,57.67,2900.57,3157.77,26.15,-0.3888,-0.6041,2946.19,953.19,1.0
LJ500_R156_C049,156,49,685750,9579250,8000,7500,3029.63,46.41,2928.25,3139.88,23.79,-0.4684,0.2666,3439.48,1370.71,1.0
LJ500_R156_C050,156,50,686250,9579250,8500,7500,3067.0,34.3,2978.37,3129.66,16.07,-0.3519,-0.6096,3921.41,1657.15,0.98
LJ500_R156_C051,156,51,686750,9579250,9000,7500,3066.16,49.04,2950.53,3136.47,19.44,0.32,0.7028,4128.14,1873.92,1.0
LJ500_R156_C052,156,52,687250,9579250,9500,7500,2943.99,42.07,2841.95,3035.82,22.24,0.5805,0.1607,3702.7,1904.77,1.0
LJ500_R157_C033,157,33,677750,9579750,0,8000,2593.29,80.69,2424.33,2754.22,32.82,0.0362,-0.7337,1127.05,687.13,0.98
LJ500_R157_C034,157,34,678250,9579750,500,8000,2828.68,64.55,2683.26,2964.34,27.96,-0.3675,-0.698,1311.5,748.85,0.98
LJ500_R157_C035,157,35,678750,9579750,1000,8000,2874.97,57.72,2731.52,2970.0,25.03,-0.5762,0.5359,1634.01,410.73,0.9604
LJ500_R157_C036,157,36,679250,9579750,1500,8000,2675.04,77.88,2493.91,2848.21,30.1,-0.4572,0.5791,1991.94,88.26,0.98
LJ500_R157_C037,157,37,679750,9579750,2000,8000,2583.02,53.96,2461.17,2706.03,24.48,-0.7978,0.0127,1806.06,169.93,0.98
LJ500_R157_C038,157,38,680250,9579750,2500,8000,2502.32,71.53,2335.87,2651.56,28.6,-0.4548,0.7502,1373.71,307.55,0.9604
LJ500_R157_C039,157,39,680750,9579750,3000,8000,2246.52,88.73,2095.5,2414.56,34.53,-0.1267,0.7176,907.71,637.12,0.98
LJ500_R157_C040,157,40,681250,9579750,3500,8000,2315.73,118.09,2117.75,2525.44,38.21,0.0303,-0.9122,437.64,496.76,0.98
LJ500_R157_C041,157,41,681750,9579750,4000,8000,2521.06,63.6,2359.49,2657.88,29.35,-0.6629,0.0603,161.89,162.84,0.9604
LJ500_R157_C042,157,42,682250,9579750,4500,8000,2528.69,72.06,2364.97,2682.69,29.75,-0.8418,-0.1243,181.28,204.34,0.98
LJ500_R157_C043,157,43,682750,9579750,5000,8000,2527.35,87.36,2357.66,2699.91,34.88,-0.79,0.0254,426.55,223.23,0.98
LJ500_R157_C044,157,44,683250,9579750,5500,8000,2592.99,79.3,2434.66,2790.08,32.79,-0.4159,-0.5315,911.27,121.17,0.9604
LJ500_R157_C045,157,45,683750,9579750,6000,8000,2720.24,62.71,2589.52,2846.58,31.84,-0.0313,-0.4689,1407.18,81.2,0.98
LJ500_R157_C046,157,46,684250,9579750,6500,8000,2878.02,54.01,2775.1,3000.02,27.25,-0.1312,-0.682,1905.28,499.22,0.98
LJ500_R157_C047,157,47,684750,9579750,7000,8000,3012.31,65.96,2877.2,3183.62,31.22,-0.5863,-0.3298,2404.17,916.24,0.9604
LJ500_R157_C048,157,48,685250,9579750,7500,8000,3153.11,56.02,2980.95,3233.73,26.26,-0.3422,-0.1987,2903.45,1275.98,0.98
LJ500_R157_C049,157,49,685750,9579750,8000,8000,3113.02,31.84,3039.16,3185.16,21.55,-0.2018,0.2539,3402.94,1637.7,0.98
LJ500_R157_C050,157,50,686250,9579750,8500,8000,3098.98,28.89,3018.29,3149.0,16.47,0.2762,-0.0751,3902.57,1938.62,0.9604
LJ500_R157_C051,157,51,686750,9579750,9000,8000,3028.16,63.68,2902.11,3138.7,24.39,0.2252,0.826,4051.68,1908.0,0.98
LJ500_R157_C052,157,52,687250,9579750,9500,8000,2853.17,41.4,2762.63,2954.82,23.36,0.3378,0.2571,3572.12,1562.05,0.98
LJ500_R158_C033,158,33,677750,9580250,0,8500,2567.24,74.2,2429.76,2733.97,31.58,-0.0819,-0.5242,1618.68,1130.47,1.0
LJ500_R158_C034,158,34,678250,9580250,500,8500,2793.73,82.57,2603.07,2963.69,33.08,0.5226,-0.5774,1752.16,1076.4,1.0
LJ500_R158_C035,158,35,678750,9580250,1000,8500,2907.29,46.36,2769.94,2969.97,26.16,0.1982,0.0915,1961.32,674.78,0.98
LJ500_R158_C036,158,36,679250,9580250,1500,8500,2794.22,70.36,2644.45,2926.7,29.58,-0.6447,0.2584,1861.95,345.61,1.0
LJ500_R158_C037,158,37,679750,9580250,2000,8500,2726.81,45.11,2639.39,2847.28,22.3,-0.4337,0.5452,1596.72,167.74,1.0
LJ500_R158_C038,158,38,680250,9580250,2500,8500,2592.65,73.91,2408.43,2716.79,30.7,-0.2292,0.7058,1204.64,60.26,0.98
LJ500_R158_C039,158,39,680750,9580250,3000,8500,2262.94,81.82,2146.36,2444.58,32.69,-0.183,0.6008,736.28,413.28,1.0
LJ500_R158_C040,158,40,681250,9580250,3500,8500,2361.0,84.99,2185.09,2544.64,35.71,-0.0182,-0.8286,302.95,321.44,1.0
LJ500_R158_C041,158,41,681750,9580250,4000,8500,2651.23,77.76,2483.98,2773.37,30.2,-0.2786,-0.4801,120.52,91.57,0.98
LJ500_R158_C042,158,42,682250,9580250,4500,8500,2756.88,57.36,2618.54,2859.83,23.34,-0.7367,-0.4237,309.89,212.13,1.0
LJ500_R158_C043,158,43,682750,9580250,5000,8500,2761.3,66.81,2566.13,2882.85,26.11,-0.7952,0.2152,649.67,139.91,1.0
LJ500_R158_C044,158,44,683250,9580250,5500,8500,2685.06,65.73,2518.73,2843.24,34.45,-0.2323,-0.2574,1039.28,55.31,0.98
LJ500_R158_C045,158,45,683750,9580250,6000,8500,2802.89,55.81,2677.75,2898.79,30.69,-0.3738,-0.1101,1493.35,229.56,1.0
LJ500_R158_C046,158,46,684250,9580250,6500,8500,2873.76,46.61,2767.3,2987.95,24.73,-0.1476,-0.6651,1969.79,596.01,1.0
LJ500_R158_C047,158,47,684750,9580250,7000,8500,3065.01,78.17,2918.93,3221.0,31.65,0.0847,-0.8177,2455.62,1049.5,0.98
LJ500_R158_C048,158,48,685250,9580250,7500,8500,3145.3,61.78,3005.75,3245.64,25.15,0.3959,0.5463,2946.19,1361.72,1.0
LJ500_R158_C049,158,49,685750,9580250,8000,8500,3052.22,40.24,2957.71,3161.03,21.3,0.6446,0.1783,3439.48,1458.75,1.0
LJ500_R158_C050,158,50,686250,9580250,8500,8500,3022.86,32.37,2931.16,3085.59,18.34,0.478,-0.1935,3934.47,1555.15,0.98
LJ500_R158_C051,158,51,686750,9580250,9000,8500,2989.47,44.02,2903.95,3075.01,19.8,0.0538,0.7618,4007.16,1489.51,1.0
LJ500_R158_C052,158,52,687250,9580250,9500,8500,2816.38,55.4,2707.19,2925.38,24.17,-0.0669,0.7791,3508.56,1229.2,1.0
LJ500_R159_C033,159,33,677750,9580750,0,9000,2587.02,50.16,2491.99,2696.25,31.92,-0.1571,-0.1366,2114.25,1560.79,1.0
LJ500_R159_C034,159,34,678250,9580750,500,9000,2740.61,66.36,2605.85,2899.28,31.45,-0.1505,-0.5267,2159.02,1367.07,1.0
LJ500_R159_C035,159,35,678750,9580750,1000,9000,2929.47,68.46,2751.26,3077.74,28.17,-0.2163,-0.6981,1891.44,1009.97,0.98
LJ500_R159_C036,159,36,679250,9580750,1500,9000,2964.92,61.58,2827.33,3101.95,28.67,-0.5316,0.4671,1493.32,760.13,1.0
LJ500_R159_C037,159,37,679750,9580750,2000,9000,2798.38,63.48,2674.84,2982.03,27.74,-0.3852,0.7307,1174.76,370.59,1.0
LJ500_R159_C038,159,38,680250,9580750,2500,9000,2579.14,68.02,2451.05,2716.64,28.63,0.0839,0.8468,976.92,85.91,0.98
LJ500_R159_C039,159,39,680750,9580750,3000,9000,2352.19,80.62,2187.26,2505.67,31.99,-0.38,0.7334,610.34,349.09,1.0
LJ500_R159_C040,159,40,681250,9580750,3500,9000,2346.09,91.88,2194.46,2543.99,32.69,-0.1128,-0.8276,174.15,328.36,1.0
LJ500_R159_C041,159,41,681750,9580750,4000,9000,2647.55,93.61,2437.78,2800.73,34.37,0.0441,-0.7681,334.11,90.6,0.98
LJ500_R159_C042,159,42,682250,9580750,4500,9000,2827.16,39.46,2688.46,2891.06,18.56,0.2132,-0.6061,597.07,408.64,1.0
LJ500_R159_C043,159,43,682750,9580750,5000,9000,2903.08,32.95,2834.08,2971.38,19.45,-0.1641,-0.304,927.75,487.98,1.0
LJ500_R159_C044,159,44,683250,9580750,5500,9000,2820.5,67.85,2671.65,2969.77,27.64,-0.5854,0.5403,1292.81,180.89,0.98
LJ500_R159_C045,159,45,683750,9580750,6000,9000,2808.57,57.33,2691.4,2941.43,29.82,0.0192,-0.4789,1690.93,264.35,1.0
LJ500_R159_C046,159,46,684250,9580750,6500,9000,2964.75,49.6,2841.2,3076.47,29.4,0.0966,-0.4613,2132.12,716.51,1.0
LJ500_R159_C047,159,47,684750,9580750,7000,9000,3085.25,55.48,2934.83,3189.85,26.52,0.1628,-0.5361,2592.09,920.67,0.98
LJ500_R159_C048,159,48,685250,9580750,7500,9000,3112.39,48.36,3021.25,3187.7,20.65,-0.1685,0.6261,3064.06,902.27,1.0
LJ500_R159_C049,159,49,685750,9580750,8000,9000,2977.95,42.97,2871.54,3077.06,22.9,-0.0945,0.6389,3543.74,972.54,1.0
LJ500_R159_C050,159,50,686250,9580750,8500,9000,2888.73,51.95,2790.86,3011.1,26.46,0.5569,0.0369,4028.19,1068.68,0.98
LJ500_R159_C051,159,51,686750,9580750,9000,9000,2916.41,47.36,2816.23,3011.15,22.56,0.654,0.089,4013.73,1029.69,1.0
LJ500_R159_C052,159,52,687250,9580750,9500,9000,2822.16,43.22,2740.36,2930.2,21.7,0.2449,0.5589,3515.68,832.92,1.0
LJ500_R160_C033,160,33,677750,9581250,0,9500,2699.32,64.84,2561.76,2877.74,32.9,-0.6061,0.1931,2474.07,1976.09,0.98
LJ500_R160_C034,160,34,678250,9581250,500,9500,2743.73,53.91,2640.4,2871.39,30.97,-0.1593,-0.4609,2128.32,1708.8,0.98
LJ500_R160_C035,160,35,678750,9581250,1000,9500,2937.83,67.59,2779.88,3063.88,29.3,0.0863,-0.7769,1679.58,1386.96,0.9604
LJ500_R160_C036,160,36,679250,9581250,1500,9500,3073.31,24.33,2996.17,3112.81,21.96,-0.0374,0.1708,1216.59,953.93,0.98
LJ500_R160_C037,160,37,679750,9581250,2000,9500,2861.95,90.1,2683.85,3023.85,35.7,0.1459,0.8451,793.75,484.97,0.98
LJ500_R160_C038,160,38,680250,9581250,2500,9500,2619.01,47.31,2501.53,2719.86,29.67,0.1228,0.3859,530.17,130.69,0.9604
LJ500_R160_C039,160,39,680750,9581250,3000,9500,2429.97,116.0,2221.51,2638.67,38.23,0.0077,0.8312,573.75,138.5,0.98
LJ500_R160_C040,160,40,681250,9581250,3500,9500,2335.59,73.25,2214.9,2530.95,33.41,-0.1301,-0.6326,340.02,265.49,0.98
LJ500_R160_C041,160,41,681750,9581250,4000,9500,2508.15,62.9,2379.1,2646.5,34.18,0.3483,-0.3868,300.29,84.97,0.9604
LJ500_R160_C042,160,42,682250,9581250,4500,9500,2700.61,71.33,2485.9,2823.1,31.24,0.5421,-0.6042,495.17,207.56,0.98
LJ500_R160_C043,160,43,682750,9581250,5000,9500,2852.32,45.29,2727.95,2958.76,22.18,0.5119,-0.6032,721.13,525.57,0.98
LJ500_R160_C044,160,44,683250,9581250,5500,9500,2944.35,41.32,2860.72,3044.91,22.17,-0.1984,-0.3395,1126.99,560.24,0.9604
LJ500_R160_C045,160,45,683750,9581250,6000,9500,2918.75,58.43,2808.3,3041.74,26.47,-0.6925,0.3513,1587.48,516.19,0.98
LJ500_R160_C046,160,46,684250,9581250,6500,9500,2936.53,51.69,2821.49,3084.01,24.8,-0.5625,-0.4391,2066.41,641.41,0.98
LJ500_R160_C047,160,47,684750,9581250,7000,9500,3082.43,70.24,2938.03,3270.5,28.58,-0.4896,-0.7111,2553.44,469.8,0.9604
LJ500_R160_C048,160,48,685250,9581250,7500,9500,3124.62,51.99,3011.23,3242.18,22.56,-0.1191,0.696,3044.67,405.63,0.98
LJ500_R160_C049,160,49,685750,9581250,8000,9500,2960.03,57.23,2845.25,3083.73,26.61,0.155,0.6557,3538.36,491.91,0.98
LJ500_R160_C050,160,50,686250,9581250,8500,9500,2827.29,32.11,2770.23,2910.34,22.29,-0.2008,0.3458,4033.61,584.89,0.9604
LJ500_R160_C051,160,51,686750,9581250,9000,9500,2760.28,53.35,2658.7,2879.53,25.47,0.5108,0.1837,4081.39,573.87,0.98
LJ500_R160_C052,160,52,687250,9581250,9500,9500,2711.99,55.68,2600.37,2821.49,22.06,0.7934,0.2991,3593.05,389.51,0.98
