anio,mes,anio_mes,t_mes,celdas_totales,celdas_validas,celdas_indeterminadas,celdas_incendio_ge7_obs90,area_incendio_ha_ge7_obs90,area_incendio_acumulada_ha_ge7_obs90,celdas_incendio_ge8_obs90,celdas_incendio_ge7_obs80,celdas_incendio_ge7_obs95,celdas_incendio_ge7_obs100
2019,1,2019-01,1,7997,7922,75,6,117.87,117.87,0,6,6,6
2019,2,2019-02,2,7997,7922,75,0,0.0,117.87,0,0,0,0
2019,3,2019-03,3,7997,7922,75,24,537.98,655.85,24,24,24,24
2019,4,2019-04,4,7997,7922,75,0,0.0,655.85,0,0,0,0
2019,5,2019-05,5,7997,7922,75,0,0.0,655.85,0,0,0,0
2019,6,2019-06,6,7997,7922,75,0,0.0,655.85,0,0,0,0
2019,7,2019-07,7,7997,7922,75,8,200.0,855.85,8,8,8,8
2019,8,2019-08,8,7997,7922,75,15,375.0,1230.85,15,15,15,15
2019,9,2019-09,9,7997,7922,75,128,2862.65,4093.49,124,128,128,128
2019,10,2019-10,10,7997,7922,75,19,437.3,4530.8,19,19,19,19
2019,11,2019-11,11,7997,7922,75,0,0.0,4530.8,0,0,0,0
2019,12,2019-12,12,7997,7922,75,0,0.0,4530.8,0,0,0,0
2020,1,2020-01,13,7997,7922,75,0,0.0,4530.8,0,0,0,0
2020,2,2020-02,14,7997,7922,75,16,367.24,4898.04,16,16,16,16
2020,3,2020-03,15,7997,7922,75,0,0.0,4898.04,0,0,0,0
2020,4,2020-04,16,7997,7922,75,0,0.0,4898.04,0,0,0,0
2020,5,2020-05,17,7997,7922,75,9,225.0,5123.04,9,9,9,9
2020,6,2020-06,18,7997,7922,75,12,300.0,5423.04,12,12,12,12
2020,7,2020-07,19,7997,7922,75,0,0.0,5423.04,0,0,0,0
2020,8,2020-08,20,7997,7922,75,115,2822.32,8245.36,107,115,115,115
2020,9,2020-09,21,7997,7922,75,45,1125.0,9370.36,45,45,45,45
2020,10,2020-10,22,7997,7922,75,137,3356.34,12726.7,137,137,137,137
2020,11,2020-11,23,7997,7922,75,178,4446.38,17173.08,178,178,178,178
2020,12,2020-12,24,7997,7922,75,0,0.0,17173.08,0,0,0,0
2021,1,2021-01,25,7997,7922,75,0,0.0,17173.08,0,0,0,0
2021,2,2021-02,26,7997,7922,75,9,175.41,17348.49,9,9,9,9
2021,3,2021-03,27,7997,7922,75,0,0.0,17348.49,0,0,0,0
2021,4,2021-04,28,7997,7922,75,0,0.0,17348.49,0,0,0,0
2021,5,2021-05,29,7997,7922,75,0,0.0,17348.49,0,0,0,0
2021,6,2021-06,30,7997,7922,75,0,0.0,17348.49,0,0,0,0
2021,7,2021-07,31,7997,7922,75,20,442.62,17791.11,20,20,20,20
2021,8,2021-08,32,7997,7922,75,15,375.0,18166.11,15,15,15,15
2021,9,2021-09,33,7997,7922,75,13,250.02,18416.14,13,13,13,13
2021,10,2021-10,34,7997,7922,75,6,150.0,18566.14,6,6,6,6
2021,11,2021-11,35,7997,7922,75,8,200.0,18766.14,8,8,8,8
2021,12,2021-12,36,7997,7922,75,0,0.0,18766.14,0,0,0,0
2022,1,2022-01,37,7997,7922,75,0,0.0,18766.14,0,0,0,0
2022,2,2022-02,38,7997,7922,75,0,0.0,18766.14,0,0,0,0
2022,3,2022-03,39,7997,7922,75,0,0.0,18766.14,0,0,0,0
2022,4,2022-04,40,7997,7922,75,0,0.0,18766.14,0,0,0,0
2022,5,2022-05,41,7997,7922,75,16,400.0,19166.14,10,16,16,16
2022,6,2022-06,42,7997,7922,75,8,200.0,19366.14,8,8,8,8
2022,7,2022-07,43,7997,0,7997,0,0.0,19366.14,0,0,0,0
2022,8,2022-08,44,7997,13,7984,13,282.6,19648.74,13,13,13,13
2022,9,2022-09,45,7997,7922,75,53,1323.69,20972.43,53,53,53,53
2022,10,2022-10,46,7997,7922,75,62,1546.52,22518.94,62,62,62,62
2022,11,2022-11,47,7997,7922,75,62,1483.19,24002.13,53,62,62,62
2022,12,2022-12,48,7997,7922,75,41,1025.0,25027.13,41,41,41,41
2023,1,2023-01,49,7997,7922,75,7,146.11,25173.24,7,7,7,7
2023,2,2023-02,50,7997,7922,75,0,0.0,25173.24,0,0,0,0
2023,3,2023-03,51,7997,7922,75,0,0.0,25173.24,0,0,0,0
2023,4,2023-04,52,7997,7922,75,0,0.0,25173.24,0,0,0,0
2023,5,2023-05,53,7997,7922,75,0,0.0,25173.24,0,0,0,0
2023,6,2023-06,54,7997,7922,75,16,400.0,25573.24,16,16,16,16
2023,7,2023-07,55,7997,7922,75,26,587.07,26160.31,26,26,26,26
2023,8,2023-08,56,7997,7922,75,143,3542.33,29702.64,143,143,143,143
2023,9,2023-09,57,7997,7922,75,306,7531.57,37234.21,280,306,306,306
2023,10,2023-10,58,7997,7922,75,201,5001.58,42235.8,189,201,201,201
2023,11,2023-11,59,7997,7922,75,42,1018.97,43254.77,42,42,42,42
2023,12,2023-12,60,7997,7922,75,6,150.0,43404.77,6,6,6,6
2024,1,2024-01,61,7997,7922,75,6,132.44,43537.21,6,6,6,6
2024,2,2024-02,62,7997,7922,75,0,0.0,43537.21,0,0,0,0
2024,3,2024-03,63,7997,7922,75,15,375.0,43912.21,15,15,15,15
2024,4,2024-04,64,7997,7922,75,0,0.0,43912.21,0,0,0,0
2024,5,2024-05,65,7997,7922,75,0,0.0,43912.21,0,0,0,0
2024,6,2024-06,66,7997,7922,75,0,0.0,43912.21,0,0,0,0
2024,7,2024-07,67,7997,14,7983,14,350.0,44262.21,6,14,14,14
2024,8,2024-08,68,7997,7922,75,175,4053.62,48315.83,171,175,175,175
2024,9,2024-09,69,7997,7922,75,289,7138.85,55454.68,273,289,289,289
2024,10,2024-10,70,7997,7922,75,150,3750.0,59204.68,150,150,150,150
2024,11,2024-11,71,7997,7922,75,508,12530.07,71734.75,483,508,508,508
2024,12,2024-12,72,7997,7922,75,15,375.0,72109.75,15,15,15,15
